bonus,"–ë–æ–Ω—É—Å"
card_button,"–ü–æ–ø–æ–ª–Ω–∏—Ç—å"
card_description,"–î–∞–≤–Ω–æ –≤—ã—è—Å–Ω–µ–Ω–æ, —á—Ç–æ –ø—Ä–∏ –æ—Ü–µ–Ω–∫–µ –¥–∏–∑–∞–π–Ω–∞ –∏ –∫–æ–º–ø–æ–∑–∏—Ü–∏–∏ —á–∏—Ç–∞–µ–º—ã–π —Ç–µ–∫—Å—Ç –º–µ—à–∞–µ—Ç"
account_id,"ID –∞–∫–∫–∞—É–Ω—Ç–∞"
sum,"–°—É–º–º–∞"
signup_helper,"–ù–µ—Ç –∞–∫–∫–∞—É–Ω—Ç–∞?"
signup_link,"–ó–∞—Ä–µ–≥–∏—Å—Ç—Ä–∏—Ä—É–π—Ç–µ—Å—å"
thank,"–°–ø–∞—Å–∏–±–æ"
pay_success,"–ü–ª–∞—Ç–µ–∂ —É—Å–ø–µ—à–Ω–æ –ø—Ä–æ–≤–µ–¥–µ–Ω"
bonuses,"–ë–æ–Ω—É—Å–æ–≤"
info_success,"–ü–æ–ø–æ–ª–Ω—è–π—Ç–µ —á–µ—Ä–µ–∑ BonusPay –∏ —Å –ø–æ—Å—Ç–æ—è–Ω–Ω—ã–º–∏ –±–æ–Ω—É—Å–∞–º–∏üí∞"
bill,"–ö–≤–∏—Ç–∞–Ω—Ü–∏—è"
menu,"–ü–æ–ø–æ–ª–Ω–∏—Ç—å –µ—â–µ"
pay_deny,"–ü–ª–∞—Ç—ë–∂ –æ—Ç–∫–ª–æ–Ω—ë–Ω"
info_deny,"–ß—Ç–æ-—Ç–æ –ø–æ—à–ª–æ –Ω–µ —Ç–∞–∫, –í—ã –º–æ–∂–µ—Ç–µ –ø–æ–ø—Ä–æ–±–æ–≤–∞—Ç—å –æ–ø–ª–∞—Ç–∏—Ç—å –ø–æ–≤—Ç–æ—Ä–Ω–æ –∏–ª–∏ –æ–±—Ä–∞—Ç–∏—Ç—å—Å—è –∫ –º–µ–Ω–µ–¥–∂–µ—Ä—É –¥–ª—è —Ä–µ—à–µ–Ω–∏—è –ø—Ä–æ–±–ª–µ–º—ã"
support,"–ü–æ–¥–¥–µ—Ä–∂–∫–∞"
tgpay_description,"–ü–æ–ø–æ–ª–Ω–µ–Ω–∏–µ –±–∞–ª–∞–Ω—Å–∞"
pay_sum,"–°—É–º–º–∞ –ø–æ–ø–æ–ª–Ω–µ–Ω–∏—è"
pay_type,"–í—ã–±–µ—Ä–∏—Ç–µ —Å–ø–æ—Å–æ–± –æ–ø–ª–∞—Ç—ã"
add_card,"–î–æ–±–∞–≤–∏—Ç—å –∫–∞—Ä—Ç—É"
enter_card,"–í–≤–µ–¥–∏—Ç–µ –¥–∞–Ω–Ω—ã–µ –∫–∞—Ä—Ç—ã"
card_num,"–ù–æ–º–µ—Ä –≤–∞—à–µ–π –∫–∞—Ä—Ç—ã"
card_terms,"–°—Ä–æ–∫ –¥–µ–π—Å—Ç–≤–∏—è"
next,"–î–∞–ª–µ–µ"
account-validity,"–í–∞—à –∞–∫–∫–∞—É–Ω—Ç –ù–ï –≤–∞–ª–∏–¥–µ–Ω"